{
  "checkpoint": "experiments/sa_cyclegan_25d_rtx6000_resume_20260108_002543/checkpoints/checkpoint_best.pth",
  "checkpoint_epoch": 84,
  "checkpoint_best_metric": 0.9796520645075282,
  "test_samples": 7897,
  "evaluation_timestamp": "2026-01-12T03:22:20.809193",
  "a2b": {
    "ssim": {
      "mean": 0.7129873971311701,
      "std": 0.05514096780096381,
      "median": 0.7069993712706503,
      "min": 0.5592079375942728,
      "max": 0.8822872722294153,
      "q25": 0.6720141583326857,
      "q75": 0.7515515406426315
    },
    "psnr": {
      "mean": 19.35366427845553,
      "std": 1.4811538815275573,
      "median": 19.296592652057058,
      "min": 13.665094994879547,
      "max": 25.036278767467564,
      "q25": 18.288577968805132,
      "q75": 20.358837123694308
    },
    "mae": {
      "mean": 0.05341232207643732,
      "std": 0.013730555860586328,
      "median": 0.053187932819128036,
      "min": 0.017840975895524025,
      "max": 0.11594188958406448,
      "q25": 0.043173715472221375,
      "q75": 0.0631573349237442
    },
    "mse": {
      "mean": 0.01892526639928284,
      "std": 0.006243839560644323,
      "median": 0.018271395936608315,
      "min": 0.004730122163891792,
      "max": 0.058898817747831345,
      "q25": 0.0142247648909688,
      "q75": 0.022966677322983742
    },
    "lpips": {
      "mean": 0.232832696159097,
      "std": 0.05814888062425391,
      "median": 0.22869811952114105,
      "min": 0.09304258227348328,
      "max": 0.519545316696167,
      "q25": 0.1890765130519867,
      "q75": 0.2701972723007202
    },
    "fid": {
      "value": 61.17902908426089
    }
  },
  "b2a": {
    "ssim": {
      "mean": 0.6797487347639314,
      "std": 0.04100773585248101,
      "median": 0.6784681943191267,
      "min": 0.5824760498550496,
      "max": 0.8722270959950775,
      "q25": 0.6468736046717651,
      "q75": 0.7105222836595915
    },
    "psnr": {
      "mean": 19.646234528263324,
      "std": 1.319702798735205,
      "median": 19.614689997109274,
      "min": 14.152681264840417,
      "max": 25.69988581410481,
      "q25": 18.733767465683417,
      "q75": 20.447854059426994
    },
    "mae": {
      "mean": 0.07390390086163821,
      "std": 0.017033441622464996,
      "median": 0.07486185431480408,
      "min": 0.01967579685151577,
      "max": 0.12090405076742172,
      "q25": 0.06036682799458504,
      "q75": 0.08625595271587372
    },
    "mse": {
      "mean": 0.031217958392027935,
      "std": 0.011048462319121892,
      "median": 0.031202545389533043,
      "min": 0.005580985452979803,
      "max": 0.06207568570971489,
      "q25": 0.022147851064801216,
      "q75": 0.03939581289887428
    },
    "lpips": {
      "mean": 0.4188212620416849,
      "std": 0.0683754417319762,
      "median": 0.43507030606269836,
      "min": 0.09992150217294693,
      "max": 0.6326180100440979,
      "q25": 0.3983548879623413,
      "q75": 0.4578929543495178
    },
    "fid": {
      "value": 238.93845812086104
    }
  }
}