{
  "checkpoint": "experiments/sa_cyclegan_25d_rtx6000_resume_20260108_002543/checkpoints/checkpoint_best.pth",
  "checkpoint_epoch": 84,
  "test_samples": 7897,
  "evaluation_timestamp": "2026-01-12T05:11:46.151888",
  "cycle_a": {
    "ssim": {
      "mean": 0.9227375391758842,
      "std": 0.015712763989685012,
      "median": 0.9219535231342626,
      "min": 0.8606410795547152,
      "max": 0.9695565111824516,
      "q25": 0.9128805241425689,
      "q75": 0.9322079985014938
    },
    "psnr": {
      "mean": 27.48636517434668,
      "std": 1.0951934787221378,
      "median": 27.50006832630354,
      "min": 23.614391729918637,
      "max": 31.736637202624166,
      "q25": 26.754337701071606,
      "q75": 28.199979629909347
    },
    "mae": {
      "mean": 0.014193511872927483,
      "std": 0.0031824353525096126,
      "median": 0.01433576550334692,
      "min": 0.005738560110330582,
      "max": 0.023937784135341644,
      "q25": 0.011988446116447449,
      "q75": 0.016436967998743057
    }
  },
  "cycle_b": {
    "ssim": {
      "mean": 0.9275878623874253,
      "std": 0.014692388716677593,
      "median": 0.9265159963938088,
      "min": 0.877325026428593,
      "max": 0.9684029461864008,
      "q25": 0.9177518101737848,
      "q75": 0.9369015992248382
    },
    "psnr": {
      "mean": 27.729157453340623,
      "std": 0.9944870326686436,
      "median": 27.72659946098773,
      "min": 22.276147623714373,
      "max": 31.20323223299708,
      "q25": 27.075039772274792,
      "q75": 28.40295369320895
    },
    "mae": {
      "mean": 0.014254790213811947,
      "std": 0.0029409622041702394,
      "median": 0.014253845438361168,
      "min": 0.005589060019701719,
      "max": 0.027498986572027206,
      "q25": 0.012247702106833458,
      "q75": 0.01618785224854946
    }
  }
}