{
  "timestamp": "20260127_001820",
  "baseline_checkpoint": "experiments/baseline_cyclegan_25d_v100/checkpoints/checkpoint_epoch_100.pth",
  "attention_checkpoint": "experiments/sa_cyclegan_25d_v100/checkpoints/checkpoint_epoch_100.pth",
  "baseline_epoch": 100,
  "attention_epoch": 100,
  "baseline_results": {
    "cycle_ssim_A": {
      "mean": 0.9325388428508601,
      "std": 0.01434855044564641,
      "median": 0.9317946007993791,
      "min": 0.8819381635312687,
      "max": 0.9762708767140563,
      "n": 5265
    },
    "cycle_ssim_B": {
      "mean": 0.9281989916314216,
      "std": 0.01711026807892506,
      "median": 0.929666676254896,
      "min": 0.8300511312242234,
      "max": 0.972245430891341,
      "n": 5265
    },
    "cycle_psnr_A": {
      "mean": 28.350427627563477,
      "std": 1.3654940128326416,
      "median": 28.244625091552734,
      "min": 23.985376358032227,
      "max": 34.51860046386719,
      "n": 5265
    },
    "cycle_psnr_B": {
      "mean": 27.722822189331055,
      "std": 1.300572156906128,
      "median": 27.707061767578125,
      "min": 22.112863540649414,
      "max": 32.44400405883789,
      "n": 5265
    },
    "identity_ssim_A": {
      "mean": 0.9541706682098353,
      "std": 0.012530693969570971,
      "median": 0.9551988515277808,
      "min": 0.8687835838787018,
      "max": 0.9855463181491426,
      "n": 5265
    },
    "identity_ssim_B": {
      "mean": 0.9535427995694111,
      "std": 0.010844515479791698,
      "median": 0.9534849240494658,
      "min": 0.819436583743274,
      "max": 0.9834052133335122,
      "n": 5265
    },
    "cycle_ssim_A_T1": {
      "mean": 0.9447479171852121,
      "std": 0.015032974534903095,
      "median": 0.9455116775159785,
      "min": 0.8680241368752293,
      "max": 0.9805594291628104,
      "n": 5265
    },
    "cycle_ssim_B_T1": {
      "mean": 0.9479928623196582,
      "std": 0.014732246547810714,
      "median": 0.948922766837597,
      "min": 0.8643399804728357,
      "max": 0.9828781162956026,
      "n": 5265
    },
    "cycle_ssim_A_T1CE": {
      "mean": 0.924924529482506,
      "std": 0.01872063690784658,
      "median": 0.9248363009853715,
      "min": 0.8570510436956628,
      "max": 0.9767497290001901,
      "n": 5265
    },
    "cycle_ssim_B_T1CE": {
      "mean": 0.9151858956823662,
      "std": 0.023111517585388784,
      "median": 0.9176201676322636,
      "min": 0.8044607644283815,
      "max": 0.9731702317852398,
      "n": 5265
    },
    "cycle_ssim_A_T2": {
      "mean": 0.9374438471576944,
      "std": 0.014485795002839917,
      "median": 0.9375566886961403,
      "min": 0.8669074428476451,
      "max": 0.9768102330631719,
      "n": 5265
    },
    "cycle_ssim_B_T2": {
      "mean": 0.9398666922189036,
      "std": 0.01578079288557418,
      "median": 0.9411100286501591,
      "min": 0.8457379355404588,
      "max": 0.9790201214184943,
      "n": 5265
    },
    "cycle_ssim_A_FLAIR": {
      "mean": 0.9230390775780279,
      "std": 0.018150929415295024,
      "median": 0.9237164730610097,
      "min": 0.8302670184885582,
      "max": 0.9765116005271945,
      "n": 5265
    },
    "cycle_ssim_B_FLAIR": {
      "mean": 0.9097505163047587,
      "std": 0.021352105524935935,
      "median": 0.9108725710819445,
      "min": 0.7963327088028678,
      "max": 0.9730192237295605,
      "n": 5265
    }
  },
  "attention_results": {
    "cycle_ssim_A": {
      "mean": 0.92613776589245,
      "std": 0.014834720642341821,
      "median": 0.9255301327944032,
      "min": 0.8766972126052202,
      "max": 0.9688049105441077,
      "n": 5265
    },
    "cycle_ssim_B": {
      "mean": 0.9391812244962001,
      "std": 0.012339401455261691,
      "median": 0.9380203867278,
      "min": 0.8960390175261688,
      "max": 0.9730473459059148,
      "n": 5265
    },
    "cycle_psnr_A": {
      "mean": 27.903493881225586,
      "std": 1.3759355545043945,
      "median": 27.807159423828125,
      "min": 23.50348663330078,
      "max": 33.857521057128906,
      "n": 5265
    },
    "cycle_psnr_B": {
      "mean": 28.733179092407227,
      "std": 1.1458361148834229,
      "median": 28.67062759399414,
      "min": 24.612590789794922,
      "max": 33.3271484375,
      "n": 5265
    },
    "identity_ssim_A": {
      "mean": 0.9475825550506495,
      "std": 0.01114263106714284,
      "median": 0.947749084859602,
      "min": 0.9011526882833337,
      "max": 0.9754196148715139,
      "n": 5265
    },
    "identity_ssim_B": {
      "mean": 0.9475729502750688,
      "std": 0.011460892898200355,
      "median": 0.9472103036237852,
      "min": 0.8252047913117129,
      "max": 0.9784077897590796,
      "n": 5265
    },
    "cycle_ssim_A_T1": {
      "mean": 0.940458089127597,
      "std": 0.01576602651036184,
      "median": 0.941440531944426,
      "min": 0.8645060105724063,
      "max": 0.9775979229169218,
      "n": 5265
    },
    "cycle_ssim_B_T1": {
      "mean": 0.9576976592491656,
      "std": 0.010609234146151121,
      "median": 0.9570668605695614,
      "min": 0.909300316116895,
      "max": 0.9850789398331374,
      "n": 5265
    },
    "cycle_ssim_A_T1CE": {
      "mean": 0.9169207123205839,
      "std": 0.020057907155288136,
      "median": 0.9169416478864768,
      "min": 0.8467913387016509,
      "max": 0.9688395700910433,
      "n": 5265
    },
    "cycle_ssim_B_T1CE": {
      "mean": 0.925012595864992,
      "std": 0.019431760206822784,
      "median": 0.9255785643824148,
      "min": 0.8456208358964085,
      "max": 0.974070262344085,
      "n": 5265
    },
    "cycle_ssim_A_T2": {
      "mean": 0.9317355126918995,
      "std": 0.014680865941023457,
      "median": 0.9319805523149871,
      "min": 0.8740292812223418,
      "max": 0.9712583245031258,
      "n": 5265
    },
    "cycle_ssim_B_T2": {
      "mean": 0.9530217223372116,
      "std": 0.011458936998428825,
      "median": 0.9533951609227501,
      "min": 0.8724973145730668,
      "max": 0.9819361727589127,
      "n": 5265
    },
    "cycle_ssim_A_FLAIR": {
      "mean": 0.9154367494297192,
      "std": 0.018966985368536145,
      "median": 0.9158790384575567,
      "min": 0.8340595932515014,
      "max": 0.9683347928594424,
      "n": 5265
    },
    "cycle_ssim_B_FLAIR": {
      "mean": 0.9209929205334312,
      "std": 0.01662988997196474,
      "median": 0.9207635346594352,
      "min": 0.8492784267631467,
      "max": 0.973220118620698,
      "n": 5265
    }
  },
  "statistical_tests": {
    "cycle_ssim_A": {
      "baseline_mean": 0.9325388428508601,
      "baseline_std": 0.01434855044564641,
      "attention_mean": 0.92613776589245,
      "attention_std": 0.014834720642341821,
      "difference": -0.006401076958410079,
      "improvement_pct": -0.6864139770136949,
      "t_statistic": -141.85343715313326,
      "p_value": 0.0,
      "cohens_d": -1.9551582869634043,
      "ci_95_low": -0.006489521137770779,
      "ci_95_high": -0.006312632779049653,
      "significant": true
    },
    "cycle_ssim_B": {
      "baseline_mean": 0.9281989916314216,
      "baseline_std": 0.01711026807892506,
      "attention_mean": 0.9391812244962001,
      "attention_std": 0.012339401455261691,
      "difference": 0.010982232864778507,
      "improvement_pct": 1.1831765562981176,
      "t_statistic": 82.14019640607852,
      "p_value": 0.0,
      "cohens_d": 1.1321339046778167,
      "ci_95_low": 0.010720178750510824,
      "ci_95_high": 0.011244286979046125,
      "significant": true
    },
    "cycle_psnr_A": {
      "baseline_mean": 28.350428060837732,
      "baseline_std": 1.3654939780940731,
      "attention_mean": 27.903491958299366,
      "attention_std": 1.37593555425231,
      "difference": -0.44693610253836624,
      "improvement_pct": -1.5764703854886333,
      "t_statistic": -104.37094737326377,
      "p_value": 0.0,
      "cohens_d": -1.4385391483659986,
      "ci_95_low": -0.4553291925985957,
      "ci_95_high": -0.4385430124781382,
      "significant": true
    },