{
  "raw": {
    "accuracy": 0.9842767295597484,
    "auc": 0.9950920245398773,
    "f1": 0.9844236760124611,
    "confusion_matrix": [
      [
        155,
        0
      ],
      [
        5,
        158
      ]
    ],
    "feature_statistics": {
      "mean_difference": 3.5501697063446045,
      "cosine_similarity": 0.6656085848808289,
      "mmd": 1.7291638851165771,
      "mean_ks_statistic": 0.9730061349693251
    }
  },
  "harmonized": {
    "accuracy": 0.5974842767295597,
    "auc": 0.6131802889372651,
    "f1": 0.6893203883495146,
    "confusion_matrix": [
      [
        48,
        107
      ],
      [
        21,
        142
      ]
    ],
    "feature_statistics": {
      "mean_difference": 0.1597946137189865,
      "cosine_similarity": 0.9996315836906433,
      "mmd": 0.015343546867370605,
      "mean_ks_statistic": 0.13103898674055017
    }
  },
  "improvement": {
    "accuracy_reduction": 0.3867924528301887,
    "auc_reduction": 0.38191173560261227,
    "mmd_reduction": 1.7138203382492065
  }
}