{
  "train_loss": [
    0.6843999796049198,
    0.5673756825262543,
    0.33764438974357264,
    0.18129817600058284,
    0.10648340517113108,
    0.09018914203168332,
    0.06804960197107476,
    0.0851809586901142,
    0.04102121230532416,
    0.030464567197423745,
    0.029303569906216027,
    0.04345262601608675,
    0.02241820525138542,
    0.01817121549291443,
    0.01691343884219457,
    0.012523385266368864,
    0.009091075654399955,
    0.008620137462823453,
    0.03287292294221879,
    0.0076184187834913535,
    0.004875742292683193,
    0.0023783825215642844,
    0.001899506005582038,
    0.0019519483986914319,
    0.00146068492998824,
    0.0014428240165154731,
    0.0013441364060336263,
    0.0012896602492242627,
    0.0013000855021650054,
    0.001193345544849685
  ],
  "train_acc": [
    0.5683355886332883,
    0.8890392422192152,
    0.9648173207036536,
    0.9675236806495264,
    0.9790257104194858,
    0.9790257104194858,
    0.9851150202976996,
    0.976319350473613,
    0.993234100135318,
    0.9959404600811907,
    0.9945872801082544,
    0.9905277401894452,
    0.9972936400541272,
    0.996617050067659,
    0.9979702300405954,
    0.9979702300405954,
    0.9972936400541272,
    0.9986468200270636,
    0.9905277401894452,
    0.9993234100135318,
    0.9993234100135318,
    1.0,
    1.0,
    1.0,
    1.0,
    1.0,
    1.0,
    1.0,
    1.0,
    1.0
  ],
  "val_loss": [
    0.6466265864010099,
    0.44557072920135304,
    0.2897961996024168,
    0.17141363100160525,
    0.1622044312048562,
    0.1524225965708117,
    0.18390084614482108,
    0.10524291271650338,
    0.1046274808954589,
    0.09137750699927535,
    0.06606166338241554,
    0.09032777626114556,
    0.08825614378799367,
    0.0639472193544424,
    0.06777015278893936,
    0.06804806152004984,
    0.051532771957071524,
    0.09205562239394913,
    0.06084734809738171,
    0.08467036090744069,
    0.061642945013185846,
    0.05982901049848599,
    0.05939289907441486,
    0.05041820699749868,
    0.05849932944048432,
    0.05943762275237072,
    0.06288319774254968,
    0.060027265797451705,
    0.06215097251807964,
    0.062482450499281854
  ],
  "val_acc": [
    0.9177215189873418,
    0.930379746835443,
    0.9367088607594937,
    0.9430379746835443,
    0.9493670886075949,
    0.9493670886075949,
    0.9240506329113924,
    0.9651898734177216,
    0.9683544303797469,
    0.9715189873417721,
    0.9778481012658228,
    0.9778481012658228,
    0.9778481012658228,
    0.9778481012658228,
    0.9778481012658228,
    0.9810126582278481,
    0.9810126582278481,
    0.9746835443037974,
    0.9810126582278481,
    0.9683544303797469,
    0.9746835443037974,
    0.9810126582278481,
    0.9810126582278481,
    0.9810126582278481,
    0.9841772151898734,
    0.9841772151898734,
    0.9810126582278481,
    0.9841772151898734,
    0.9841772151898734,
    0.9841772151898734
  ],
  "val_auc": [
    0.9641654641654642,
    0.9767516434183102,
    0.9751483084816418,
    0.9852894019560686,
    0.987574154240821,
    0.9892977392977393,
    0.99001924001924,
    0.9899390732724065,
    0.9931858265191598,
    0.9961920795254129,
    0.9981962481962481,
    0.9951499118165785,
    0.9965127465127466,
    0.9987974987974988,
    0.9985970819304153,
    0.998757415424082,
    0.9989177489177489,
    0.9983164983164983,
    0.9983966650633317,
    0.9991582491582491,
    0.998917748917749,
    0.9990379990379991,
    0.998917748917749,
    0.9988776655443322,
    0.9988776655443323,
    0.9988375821709156,
    0.9988776655443323,
    0.9989177489177489,
    0.9988776655443323,
    0.9987974987974988
  ],
  "best_val_acc": 0.9841772151898734
}