{
  "split": "val",
  "n": 56,
  "ssim_mean": 0.03716362873336194,
  "psnr_mean": 5.393463264254527
}